-- USE fleximart_dw;

-- =========================
-- 1) INSERT dim_date (30 rows)
-- =========================

INSERT INTO dim_date
(date_key, full_date, day_of_week, day_of_month, month, month_name, quarter, year, is_weekend)
VALUES
(20240101,'2024-01-01','Monday',1,1,'January','Q1',2024,0),
(20240102,'2024-01-02','Tuesday',2,1,'January','Q1',2024,0),
(20240103,'2024-01-03','Wednesday',3,1,'January','Q1',2024,0),
(20240104,'2024-01-04','Thursday',4,1,'January','Q1',2024,0),
(20240105,'2024-01-05','Friday',5,1,'January','Q1',2024,0),
(20240106,'2024-01-06','Saturday',6,1,'January','Q1',2024,1),
(20240107,'2024-01-07','Sunday',7,1,'January','Q1',2024,1),
(20240110,'2024-01-10','Wednesday',10,1,'January','Q1',2024,0),
(20240112,'2024-01-12','Friday',12,1,'January','Q1',2024,0),
(20240113,'2024-01-13','Saturday',13,1,'January','Q1',2024,1),
(20240114,'2024-01-14','Sunday',14,1,'January','Q1',2024,1),
(20240115,'2024-01-15','Monday',15,1,'January','Q1',2024,0),
(20240120,'2024-01-20','Saturday',20,1,'January','Q1',2024,1),
(20240121,'2024-01-21','Sunday',21,1,'January','Q1',2024,1),
(20240126,'2024-01-26','Friday',26,1,'January','Q1',2024,0),

(20240201,'2024-02-01','Thursday',1,2,'February','Q1',2024,0),
(20240202,'2024-02-02','Friday',2,2,'February','Q1',2024,0),
(20240203,'2024-02-03','Saturday',3,2,'February','Q1',2024,1),
(20240204,'2024-02-04','Sunday',4,2,'February','Q1',2024,1),
(20240205,'2024-02-05','Monday',5,2,'February','Q1',2024,0),
(20240209,'2024-02-09','Friday',9,2,'February','Q1',2024,0),
(20240210,'2024-02-10','Saturday',10,2,'February','Q1',2024,1),
(20240211,'2024-02-11','Sunday',11,2,'February','Q1',2024,1),
(20240212,'2024-02-12','Monday',12,2,'February','Q1',2024,0),
(20240214,'2024-02-14','Wednesday',14,2,'February','Q1',2024,0),
(20240217,'2024-02-17','Saturday',17,2,'February','Q1',2024,1),
(20240218,'2024-02-18','Sunday',18,2,'February','Q1',2024,1),
(20240224,'2024-02-24','Saturday',24,2,'February','Q1',2024,1),
(20240225,'2024-02-25','Sunday',25,2,'February','Q1',2024,1),
(20240229,'2024-02-29','Thursday',29,2,'February','Q1',2024,0);

-- =========================
-- 2) INSERT dim_product (15 rows, 3 categories)
-- =========================

INSERT INTO dim_product
(product_key, product_id, product_name, category, subcategory, unit_price)
VALUES
(1,'P001','Samsung Galaxy S21','Electronics','Smartphones',45999.00),
(2,'P002','Apple MacBook Pro 14','Electronics','Laptops',189999.00),
(3,'P003','Sony WH-1000XM5','Electronics','Audio',29990.00),
(4,'P004','Dell 27-inch 4K Monitor','Electronics','Monitors',32999.00),
(5,'P005','OnePlus Nord CE','Electronics','Smartphones',26999.00),

(6,'P006','Nike Running Shoes','Fashion','Footwear',3499.00),
(7,'P007','Levi''s 511 Jeans','Fashion','Clothing',2999.00),
(8,'P008','Adidas Originals T-Shirt','Fashion','Clothing',1299.00),
(9,'P009','Puma Sneakers','Fashion','Footwear',4599.00),
(10,'P010','H&M Shirt','Fashion','Clothing',1999.00),

(11,'P011','Basmati Rice 5kg','Groceries','Staples',650.00),
(12,'P012','Organic Almonds 1kg','Groceries','Dry Fruits',899.00),
(13,'P013','Organic Honey 500g','Groceries','Condiments',450.00),
(14,'P014','Masoor Dal 1kg','Groceries','Pulses',120.00),
(15,'P015','Green Tea Pack','Groceries','Beverages',299.00);

-- =========================
-- 3) INSERT dim_customer (12 rows across 4 cities)
-- =========================

INSERT INTO dim_customer
(customer_key, customer_id, customer_name, city, state, customer_segment)
VALUES
(1,'C001','Rahul Sharma','Bangalore','Karnataka','Regular'),
(2,'C002','Priya Patel','Mumbai','Maharashtra','Regular'),
(3,'C003','Amit Kumar','Delhi','Delhi','Regular'),
(4,'C004','Sneha Reddy','Bangalore','Karnataka','Premium'),
(5,'C005','Vikram Singh','Mumbai','Maharashtra','Premium'),
(6,'C006','Anjali Mehta','Delhi','Delhi','Regular'),
(7,'C007','Ravi Verma','Bangalore','Karnataka','Corporate'),
(8,'C008','Pooja Iyer','Mumbai','Maharashtra','Regular'),
(9,'C009','Karthik Nair','Delhi','Delhi','Corporate'),
(10,'C010','Deepa Gupta','Bangalore','Karnataka','Regular'),
(11,'C011','Arjun Rao','Mumbai','Maharashtra','Corporate'),
(12,'C012','Lakshmi Krishnan','Delhi','Delhi','Premium');

-- =========================
-- 4) INSERT fact_sales (40 rows)
-- total_amount = (quantity_sold * unit_price) - discount_amount
-- =========================

INSERT INTO fact_sales
(date_key, product_key, customer_key, quantity_sold, unit_price, discount_amount, total_amount)
VALUES
(20240106,1,1,1,45999.00,0.00,45999.00),
(20240106,6,2,2,3499.00,200.00,6798.00),
(20240107,11,3,5,650.00,0.00,3250.00),
(20240107,3,4,1,29990.00,1000.00,28990.00),

(20240113,2,5,1,189999.00,5000.00,184999.00),
(20240113,8,6,3,1299.00,0.00,3897.00),
(20240114,12,7,2,899.00,0.00,1798.00),
(20240114,4,8,1,32999.00,1500.00,31499.00),

(20240115,5,9,1,26999.00,0.00,26999.00),
(20240115,7,10,2,2999.00,0.00,5998.00),

(20240120,9,11,1,4599.00,200.00,4399.00),
(20240120,14,12,10,120.00,0.00,1200.00),
(20240121,10,1,2,1999.00,0.00,3998.00),
(20240121,1,2,1,45999.00,2000.00,43999.00),

(20240126,13,3,4,450.00,0.00,1800.00),
(20240126,15,4,6,299.00,0.00,1794.00),

(20240201,3,5,1,29990.00,0.00,29990.00),
(20240201,11,6,3,650.00,0.00,1950.00),

(20240202,6,7,1,3499.00,0.00,3499.00),
(20240202,5,8,1,26999.00,1000.00,25999.00),

(20240203,2,9,1,189999.00,10000.00,179999.00),
(20240203,8,10,2,1299.00,0.00,2598.00),
(20240204,12,11,3,899.00,0.00,2697.00),
(20240204,4,12,1,32999.00,0.00,32999.00),

(20240205,7,1,1,2999.00,0.00,2999.00),
(20240205,14,2,8,120.00,0.00,960.00),

(20240209,1,3,1,45999.00,0.00,45999.00),
(20240209,13,4,2,450.00,0.00,900.00),

(20240210,9,5,2,4599.00,300.00,8898.00),
(20240210,11,6,6,650.00,0.00,3900.00),
(20240211,3,7,1,29990.00,500.00,29490.00),
(20240211,10,8,3,1999.00,0.00,5997.00),

(20240212,15,9,5,299.00,0.00,1495.00),
(20240212,6,10,1,3499.00,0.00,3499.00),

(20240214,5,11,1,26999.00,0.00,26999.00),
(20240214,8,12,4,1299.00,200.00,4996.00),

(20240217,2,1,1,189999.00,15000.00,174999.00),
(20240217,12,2,2,899.00,0.00,1798.00),
(20240218,4,3,1,32999.00,1000.00,31999.00),
(20240218,7,4,2,2999.00,0.00,5998.00),

(20240224,1,5,1,45999.00,1000.00,44999.00),
(20240224,11,6,7,650.00,0.00,4550.00),
(20240225,3,7,2,29990.00,0.00,59980.00),
(20240225,9,8,1,4599.00,0.00,4599.00),

(20240229,13,9,3,450.00,0.00,1350.00),
(20240229,14,10,12,120.00,0.00,1440.00),

(20240110,8,2,1,1299.00,0.00,1299.00),
(20240110,12,6,1,899.00,0.00,899.00),
(20240203,6,11,3,3499.00,500.00,9997.00),
(20240218,15,4,10,299.00,0.00,2990.00);